method,alpha,beta_text,beta_visual_pos,beta_visual_neg,output_dir,recall@1,precision@1,recall@5,precision@5,recall@10,precision@10
hybrid_text_visual_fusion,1.0,2.0,0.5,0.25,outputs\hybrid_fusion_run\test_subset_alpha1.00_btext2.00_bvpos0.50_bvneg0.25,0.06707317073170732,0.06707317073170732,0.1926829268292683,0.05036585365853659,0.28597560975609754,0.04134146341463414
hybrid_text_visual_fusion,1.0,2.0,0.5,0.0,outputs\hybrid_fusion_run\test_subset_alpha1.00_btext2.00_bvpos0.50_bvneg0.00,0.06890243902439025,0.06890243902439025,0.19085365853658537,0.05048780487804878,0.28292682926829266,0.042195121951219515
hybrid_text_visual_fusion,1.0,2.0,0.25,0.25,outputs\hybrid_fusion_run\test_subset_alpha1.00_btext2.00_bvpos0.25_bvneg0.25,0.06585365853658537,0.06585365853658537,0.18597560975609756,0.048658536585365855,0.27439024390243905,0.04109756097560976
hybrid_text_visual_fusion,1.0,2.0,0.25,0.0,outputs\hybrid_fusion_run\test_subset_alpha1.00_btext2.00_bvpos0.25_bvneg0.00,0.06707317073170732,0.06707317073170732,0.18170731707317073,0.04804878048780488,0.2658536585365854,0.0399390243902439
hybrid_text_visual_fusion,1.0,2.0,0.25,0.5,outputs\hybrid_fusion_run\test_subset_alpha1.00_btext2.00_bvpos0.25_bvneg0.50,0.056707317073170734,0.056707317073170734,0.174390243902439,0.04524390243902439,0.2548780487804878,0.037621951219512194
hybrid_text_visual_fusion,1.0,2.0,0.5,0.5,outputs\hybrid_fusion_run\test_subset_alpha1.00_btext2.00_bvpos0.50_bvneg0.50,0.05914634146341463,0.05914634146341463,0.1719512195121951,0.044756097560975615,0.2548780487804878,0.03689024390243902
hybrid_text_visual_fusion,2.0,2.0,1.0,0.25,outputs\hybrid_fusion_run\test_subset_alpha2.00_btext2.00_bvpos1.00_bvneg0.25,0.06280487804878049,0.06280487804878049,0.18170731707317073,0.04695121951219512,0.2548780487804878,0.03719512195121951
hybrid_text_visual_fusion,1.0,1.0,0.5,0.25,outputs\hybrid_fusion_run\test_subset_alpha1.00_btext1.00_bvpos0.50_bvneg0.25,0.06402439024390244,0.06402439024390244,0.17865853658536585,0.04573170731707317,0.250609756097561,0.036280487804878046
hybrid_text_visual_fusion,2.0,2.0,1.0,0.5,outputs\hybrid_fusion_run\test_subset_alpha2.00_btext2.00_bvpos1.00_bvneg0.50,0.06402439024390244,0.06402439024390244,0.17865853658536585,0.04573170731707317,0.250609756097561,0.036280487804878046
hybrid_text_visual_fusion,1.0,1.0,0.5,0.0,outputs\hybrid_fusion_run\test_subset_alpha1.00_btext1.00_bvpos0.50_bvneg0.00,0.06707317073170732,0.06707317073170732,0.1774390243902439,0.04658536585365854,0.24878048780487805,0.036463414634146346
hybrid_text_visual_fusion,2.0,2.0,1.0,0.0,outputs\hybrid_fusion_run\test_subset_alpha2.00_btext2.00_bvpos1.00_bvneg0.00,0.06707317073170732,0.06707317073170732,0.1774390243902439,0.04658536585365854,0.24878048780487805,0.036463414634146346
hybrid_text_visual_fusion,2.0,1.0,1.0,0.25,outputs\hybrid_fusion_run\test_subset_alpha2.00_btext1.00_bvpos1.00_bvneg0.25,0.060365853658536583,0.060365853658536583,0.16341463414634147,0.04231707317073171,0.24146341463414633,0.035304878048780484
hybrid_text_visual_fusion,1.0,0.5,0.5,0.0,outputs\hybrid_fusion_run\test_subset_alpha1.00_btext0.50_bvpos0.50_bvneg0.00,0.057926829268292686,0.057926829268292686,0.1628048780487805,0.042560975609756094,0.23841463414634145,0.03475609756097561
hybrid_text_visual_fusion,2.0,1.0,1.0,0.0,outputs\hybrid_fusion_run\test_subset_alpha2.00_btext1.00_bvpos1.00_bvneg0.00,0.057926829268292686,0.057926829268292686,0.1628048780487805,0.042560975609756094,0.23841463414634145,0.03475609756097561
hybrid_text_visual_fusion,1.0,0.5,0.5,0.25,outputs\hybrid_fusion_run\test_subset_alpha1.00_btext0.50_bvpos0.50_bvneg0.25,0.05975609756097561,0.05975609756097561,0.1597560975609756,0.04158536585365854,0.23597560975609755,0.033963414634146344
hybrid_text_visual_fusion,2.0,1.0,1.0,0.5,outputs\hybrid_fusion_run\test_subset_alpha2.00_btext1.00_bvpos1.00_bvneg0.50,0.05975609756097561,0.05975609756097561,0.1597560975609756,0.04158536585365854,0.23597560975609755,0.033963414634146344
hybrid_text_visual_fusion,1.0,1.0,0.25,0.25,outputs\hybrid_fusion_run\test_subset_alpha1.00_btext1.00_bvpos0.25_bvneg0.25,0.06097560975609756,0.06097560975609756,0.1603658536585366,0.042560975609756094,0.23536585365853657,0.034695121951219515
hybrid_text_visual_fusion,2.0,2.0,0.5,0.5,outputs\hybrid_fusion_run\test_subset_alpha2.00_btext2.00_bvpos0.50_bvneg0.50,0.06097560975609756,0.06097560975609756,0.1603658536585366,0.042560975609756094,0.23536585365853657,0.034695121951219515
hybrid_text_visual_fusion,2.0,2.0,0.5,0.25,outputs\hybrid_fusion_run\test_subset_alpha2.00_btext2.00_bvpos0.50_bvneg0.25,0.05914634146341463,0.05914634146341463,0.15609756097560976,0.04207317073170732,0.23414634146341465,0.03487804878048781
hybrid_text_visual_fusion,3.0,2.0,1.0,0.5,outputs\hybrid_fusion_run\test_subset_alpha3.00_btext2.00_bvpos1.00_bvneg0.50,0.057926829268292686,0.057926829268292686,0.1573170731707317,0.041707317073170734,0.23414634146341465,0.035182926829268296
hybrid_text_visual_fusion,2.0,0.5,1.0,0.0,outputs\hybrid_fusion_run\test_subset_alpha2.00_btext0.50_bvpos1.00_bvneg0.00,0.05365853658536585,0.05365853658536585,0.15670731707317073,0.04073170731707317,0.23109756097560977,0.03402439024390244
hybrid_text_visual_fusion,2.0,0.5,1.0,0.25,outputs\hybrid_fusion_run\test_subset_alpha2.00_btext0.50_bvpos1.00_bvneg0.25,0.05609756097560976,0.05609756097560976,0.15609756097560976,0.04048780487804878,0.23109756097560977,0.03408536585365854
hybrid_text_visual_fusion,3.0,2.0,1.0,0.25,outputs\hybrid_fusion_run\test_subset_alpha3.00_btext2.00_bvpos1.00_bvneg0.25,0.05853658536585366,0.05853658536585366,0.15426829268292683,0.04134146341463414,0.23109756097560977,0.03475609756097561
hybrid_text_visual_fusion,1.0,1.0,0.25,0.0,outputs\hybrid_fusion_run\test_subset_alpha1.00_btext1.00_bvpos0.25_bvneg0.00,0.057926829268292686,0.057926829268292686,0.15182926829268292,0.04097560975609756,0.22865853658536586,0.03384146341463415
hybrid_text_visual_fusion,1.0,1.0,0.5,0.5,outputs\hybrid_fusion_run\test_subset_alpha1.00_btext1.00_bvpos0.50_bvneg0.50,0.056707317073170734,0.056707317073170734,0.16158536585365854,0.04182926829268293,0.22865853658536586,0.03323170731707317
hybrid_text_visual_fusion,1.0,2.0,1.0,0.0,outputs\hybrid_fusion_run\test_subset_alpha1.00_btext2.00_bvpos1.00_bvneg0.00,0.04939024390243903,0.04939024390243903,0.15548780487804878,0.03853658536585366,0.22865853658536586,0.032621951219512196
hybrid_text_visual_fusion,2.0,2.0,0.5,0.0,outputs\hybrid_fusion_run\test_subset_alpha2.00_btext2.00_bvpos0.50_bvneg0.00,0.057926829268292686,0.057926829268292686,0.15182926829268292,0.04097560975609756,0.22865853658536586,0.03384146341463415
hybrid_text_visual_fusion,2.0,0.5,1.0,0.5,outputs\hybrid_fusion_run\test_subset_alpha2.00_btext0.50_bvpos1.00_bvneg0.50,0.05609756097560976,0.05609756097560976,0.15365853658536585,0.04000000000000001,0.2274390243902439,0.03359756097560976
hybrid_text_visual_fusion,3.0,2.0,1.0,0.0,outputs\hybrid_fusion_run\test_subset_alpha3.00_btext2.00_bvpos1.00_bvneg0.00,0.05731707317073171,0.05731707317073171,0.15,0.040609756097560984,0.22621951219512196,0.03408536585365854
hybrid_text_visual_fusion,1.0,0.5,0.5,0.5,outputs\hybrid_fusion_run\test_subset_alpha1.00_btext0.50_bvpos0.50_bvneg0.50,0.05426829268292683,0.05426829268292683,0.14573170731707316,0.03878048780487805,0.22195121951219512,0.03225609756097561
hybrid_text_visual_fusion,3.0,1.0,1.0,0.5,outputs\hybrid_fusion_run\test_subset_alpha3.00_btext1.00_bvpos1.00_bvneg0.50,0.05548780487804878,0.05548780487804878,0.13719512195121952,0.037317073170731706,0.21951219512195122,0.032926829268292684
hybrid_text_visual_fusion,1.0,1.0,1.0,0.0,outputs\hybrid_fusion_run\test_subset_alpha1.00_btext1.00_bvpos1.00_bvneg0.00,0.048170731707317074,0.048170731707317074,0.1469512195121951,0.03743902439024391,0.2176829268292683,0.031097560975609756
hybrid_text_visual_fusion,1.0,2.0,1.0,0.25,outputs\hybrid_fusion_run\test_subset_alpha1.00_btext2.00_bvpos1.00_bvneg0.25,0.046341463414634146,0.046341463414634146,0.1469512195121951,0.036463414634146346,0.21646341463414634,0.03128048780487805
hybrid_text_visual_fusion,1.0,1.0,0.25,0.5,outputs\hybrid_fusion_run\test_subset_alpha1.00_btext1.00_bvpos0.25_bvneg0.50,0.05304878048780488,0.05304878048780488,0.14390243902439023,0.03865853658536586,0.21402439024390243,0.032134146341463415
hybrid_text_visual_fusion,3.0,1.0,1.0,0.25,outputs\hybrid_fusion_run\test_subset_alpha3.00_btext1.00_bvpos1.00_bvneg0.25,0.05365853658536585,0.05365853658536585,0.13658536585365855,0.037317073170731706,0.21280487804878048,0.032134146341463415
hybrid_text_visual_fusion,3.0,1.0,1.0,0.0,outputs\hybrid_fusion_run\test_subset_alpha3.00_btext1.00_bvpos1.00_bvneg0.00,0.051829268292682924,0.051829268292682924,0.13414634146341464,0.03695121951219512,0.21036585365853658,0.031890243902439025
hybrid_text_visual_fusion,3.0,0.5,1.0,0.5,outputs\hybrid_fusion_run\test_subset_alpha3.00_btext0.50_bvpos1.00_bvneg0.50,0.05060975609756098,0.05060975609756098,0.12865853658536586,0.03536585365853658,0.2097560975609756,0.03152439024390244
hybrid_text_visual_fusion,1.0,1.0,1.0,0.25,outputs\hybrid_fusion_run\test_subset_alpha1.00_btext1.00_bvpos1.00_bvneg0.25,0.04939024390243903,0.04939024390243903,0.14146341463414633,0.036219512195121956,0.20853658536585365,0.030243902439024393
hybrid_text_visual_fusion,2.0,2.0,0.25,0.5,outputs\hybrid_fusion_run\test_subset_alpha2.00_btext2.00_bvpos0.25_bvneg0.50,0.05548780487804878,0.05548780487804878,0.13658536585365855,0.03695121951219512,0.20853658536585365,0.03128048780487805
hybrid_text_visual_fusion,1.0,0.5,0.25,0.25,outputs\hybrid_fusion_run\test_subset_alpha1.00_btext0.50_bvpos0.25_bvneg0.25,0.051829268292682924,0.051829268292682924,0.1323170731707317,0.036341463414634144,0.2073170731707317,0.031158536585365854
hybrid_text_visual_fusion,2.0,1.0,0.5,0.5,outputs\hybrid_fusion_run\test_subset_alpha2.00_btext1.00_bvpos0.50_bvneg0.50,0.051829268292682924,0.051829268292682924,0.1323170731707317,0.036341463414634144,0.2073170731707317,0.031158536585365854
hybrid_text_visual_fusion,2.0,2.0,0.25,0.25,outputs\hybrid_fusion_run\test_subset_alpha2.00_btext2.00_bvpos0.25_bvneg0.25,0.05426829268292683,0.05426829268292683,0.1329268292682927,0.036585365853658534,0.2073170731707317,0.031158536585365854
hybrid_text_visual_fusion,3.0,0.5,1.0,0.25,outputs\hybrid_fusion_run\test_subset_alpha3.00_btext0.50_bvpos1.00_bvneg0.25,0.04939024390243903,0.04939024390243903,0.13109756097560976,0.03597560975609756,0.20609756097560974,0.03103658536585366
hybrid_text_visual_fusion,1.0,0.5,1.0,0.0,outputs\hybrid_fusion_run\test_subset_alpha1.00_btext0.50_bvpos1.00_bvneg0.00,0.0475609756097561,0.0475609756097561,0.14634146341463414,0.03743902439024391,0.20548780487804877,0.03048780487804878
hybrid_text_visual_fusion,2.0,1.0,0.5,0.25,outputs\hybrid_fusion_run\test_subset_alpha2.00_btext1.00_bvpos0.50_bvneg0.25,0.051829268292682924,0.051829268292682924,0.12926829268292683,0.03597560975609756,0.20548780487804877,0.03128048780487805
hybrid_text_visual_fusion,2.0,2.0,0.25,0.0,outputs\hybrid_fusion_run\test_subset_alpha2.00_btext2.00_bvpos0.25_bvneg0.00,0.05304878048780488,0.05304878048780488,0.13109756097560976,0.03597560975609756,0.2030487804878049,0.030426829268292682
hybrid_text_visual_fusion,3.0,0.5,1.0,0.0,outputs\hybrid_fusion_run\test_subset_alpha3.00_btext0.50_bvpos1.00_bvneg0.00,0.048170731707317074,0.048170731707317074,0.12804878048780488,0.0351219512195122,0.20243902439024392,0.030548780487804877
hybrid_text_visual_fusion,1.0,0.5,0.25,0.0,outputs\hybrid_fusion_run\test_subset_alpha1.00_btext0.50_bvpos0.25_bvneg0.00,0.048170731707317074,0.048170731707317074,0.13109756097560976,0.036219512195121956,0.19939024390243903,0.03030487804878049
hybrid_text_visual_fusion,2.0,1.0,0.5,0.0,outputs\hybrid_fusion_run\test_subset_alpha2.00_btext1.00_bvpos0.50_bvneg0.00,0.048170731707317074,0.048170731707317074,0.13109756097560976,0.036219512195121956,0.19939024390243903,0.03030487804878049
hybrid_text_visual_fusion,1.0,0.5,1.0,0.25,outputs\hybrid_fusion_run\test_subset_alpha1.00_btext0.50_bvpos1.00_bvneg0.25,0.048170731707317074,0.048170731707317074,0.1378048780487805,0.035487804878048784,0.1975609756097561,0.029146341463414636
hybrid_text_visual_fusion,3.0,2.0,0.5,0.5,outputs\hybrid_fusion_run\test_subset_alpha3.00_btext2.00_bvpos0.50_bvneg0.50,0.05,0.05,0.12682926829268293,0.035,0.19695121951219513,0.029817073170731706
hybrid_text_visual_fusion,1.0,2.0,1.0,0.5,outputs\hybrid_fusion_run\test_subset_alpha1.00_btext2.00_bvpos1.00_bvneg0.50,0.04024390243902439,0.04024390243902439,0.13658536585365855,0.03402439024390244,0.19573170731707318,0.02853658536585366
hybrid_text_visual_fusion,1.0,0.5,0.25,0.5,outputs\hybrid_fusion_run\test_subset_alpha1.00_btext0.50_bvpos0.25_bvneg0.50,0.0475609756097561,0.0475609756097561,0.12134146341463414,0.033658536585365856,0.19329268292682927,0.029146341463414636
hybrid_text_visual_fusion,1.0,1.0,1.0,0.5,outputs\hybrid_fusion_run\test_subset_alpha1.00_btext1.00_bvpos1.00_bvneg0.50,0.04390243902439024,0.04390243902439024,0.1298780487804878,0.033414634146341465,0.19329268292682927,0.028231707317073175
hybrid_text_visual_fusion,3.0,2.0,0.5,0.25,outputs\hybrid_fusion_run\test_subset_alpha3.00_btext2.00_bvpos0.50_bvneg0.25,0.048170731707317074,0.048170731707317074,0.12682926829268293,0.0351219512195122,0.19146341463414634,0.02920731707317073
hybrid_text_visual_fusion,1.0,0.5,1.0,0.5,outputs\hybrid_fusion_run\test_subset_alpha1.00_btext0.50_bvpos1.00_bvneg0.50,0.04451219512195122,0.04451219512195122,0.13048780487804879,0.033658536585365856,0.1902439024390244,0.027926829268292687
hybrid_text_visual_fusion,2.0,0.5,0.5,0.5,outputs\hybrid_fusion_run\test_subset_alpha2.00_btext0.50_bvpos0.50_bvneg0.50,0.046341463414634146,0.046341463414634146,0.11951219512195121,0.03353658536585366,0.1902439024390244,0.029146341463414636
hybrid_text_visual_fusion,2.0,0.5,0.5,0.25,outputs\hybrid_fusion_run\test_subset_alpha2.00_btext0.50_bvpos0.50_bvneg0.25,0.045121951219512194,0.045121951219512194,0.11890243902439024,0.033170731707317075,0.18597560975609756,0.028658536585365855
hybrid_text_visual_fusion,3.0,2.0,0.5,0.0,outputs\hybrid_fusion_run\test_subset_alpha3.00_btext2.00_bvpos0.50_bvneg0.00,0.04695121951219512,0.04695121951219512,0.12439024390243902,0.03451219512195122,0.18597560975609756,0.02853658536585366
hybrid_text_visual_fusion,2.0,0.5,0.5,0.0,outputs\hybrid_fusion_run\test_subset_alpha2.00_btext0.50_bvpos0.50_bvneg0.00,0.04207317073170732,0.04207317073170732,0.12195121951219512,0.03378048780487805,0.18353658536585366,0.028170731707317074
hybrid_text_visual_fusion,3.0,2.0,0.25,0.5,outputs\hybrid_fusion_run\test_subset_alpha3.00_btext2.00_bvpos0.25_bvneg0.50,0.04878048780487805,0.04878048780487805,0.11707317073170732,0.0325609756097561,0.17926829268292682,0.0275
hybrid_text_visual_fusion,2.0,1.0,0.25,0.5,outputs\hybrid_fusion_run\test_subset_alpha2.00_btext1.00_bvpos0.25_bvneg0.50,0.0475609756097561,0.0475609756097561,0.11402439024390244,0.03195121951219512,0.17865853658536585,0.027560975609756098
hybrid_text_visual_fusion,3.0,1.0,0.5,0.5,outputs\hybrid_fusion_run\test_subset_alpha3.00_btext1.00_bvpos0.50_bvneg0.50,0.04573170731707317,0.04573170731707317,0.11646341463414635,0.03231707317073171,0.17560975609756097,0.027378048780487805
hybrid_text_visual_fusion,2.0,1.0,0.25,0.25,outputs\hybrid_fusion_run\test_subset_alpha2.00_btext1.00_bvpos0.25_bvneg0.25,0.04695121951219512,0.04695121951219512,0.11219512195121951,0.03170731707317073,0.17378048780487804,0.027134146341463414
hybrid_text_visual_fusion,3.0,2.0,0.25,0.25,outputs\hybrid_fusion_run\test_subset_alpha3.00_btext2.00_bvpos0.25_bvneg0.25,0.04695121951219512,0.04695121951219512,0.11829268292682926,0.03280487804878049,0.17073170731707318,0.026402439024390247
hybrid_text_visual_fusion,3.0,1.0,0.5,0.25,outputs\hybrid_fusion_run\test_subset_alpha3.00_btext1.00_bvpos0.50_bvneg0.25,0.04390243902439024,0.04390243902439024,0.11646341463414635,0.0325609756097561,0.1701219512195122,0.026707317073170735
hybrid_text_visual_fusion,3.0,1.0,0.5,0.0,outputs\hybrid_fusion_run\test_subset_alpha3.00_btext1.00_bvpos0.50_bvneg0.00,0.042682926829268296,0.042682926829268296,0.1152439024390244,0.03231707317073171,0.16890243902439026,0.026402439024390247
hybrid_text_visual_fusion,3.0,2.0,0.25,0.0,outputs\hybrid_fusion_run\test_subset_alpha3.00_btext2.00_bvpos0.25_bvneg0.00,0.045121951219512194,0.045121951219512194,0.11707317073170732,0.032682926829268294,0.1676829268292683,0.025975609756097563
hybrid_text_visual_fusion,2.0,1.0,0.25,0.0,outputs\hybrid_fusion_run\test_subset_alpha2.00_btext1.00_bvpos0.25_bvneg0.00,0.04390243902439024,0.04390243902439024,0.1152439024390244,0.032439024390243903,0.16646341463414635,0.025975609756097563
hybrid_text_visual_fusion,2.0,0.5,0.25,0.5,outputs\hybrid_fusion_run\test_subset_alpha2.00_btext0.50_bvpos0.25_bvneg0.50,0.04390243902439024,0.04390243902439024,0.10975609756097561,0.030243902439024393,0.16341463414634147,0.025914634146341462
hybrid_text_visual_fusion,3.0,0.5,0.5,0.5,outputs\hybrid_fusion_run\test_subset_alpha3.00_btext0.50_bvpos0.50_bvneg0.50,0.042682926829268296,0.042682926829268296,0.10975609756097561,0.030365853658536588,0.1628048780487805,0.02603658536585366
hybrid_text_visual_fusion,3.0,1.0,0.25,0.5,outputs\hybrid_fusion_run\test_subset_alpha3.00_btext1.00_bvpos0.25_bvneg0.50,0.04390243902439024,0.04390243902439024,0.10609756097560975,0.029390243902439026,0.16219512195121952,0.025731707317073173
hybrid_text_visual_fusion,2.0,0.5,0.25,0.25,outputs\hybrid_fusion_run\test_subset_alpha2.00_btext0.50_bvpos0.25_bvneg0.25,0.042682926829268296,0.042682926829268296,0.10853658536585366,0.030121951219512198,0.1603658536585366,0.025426829268292685
hybrid_text_visual_fusion,3.0,0.5,0.5,0.25,outputs\hybrid_fusion_run\test_subset_alpha3.00_btext0.50_bvpos0.50_bvneg0.25,0.04207317073170732,0.04207317073170732,0.11158536585365854,0.030975609756097564,0.15853658536585366,0.025365853658536587
hybrid_text_visual_fusion,3.0,0.5,0.5,0.0,outputs\hybrid_fusion_run\test_subset_alpha3.00_btext0.50_bvpos0.50_bvneg0.00,0.04207317073170732,0.04207317073170732,0.10975609756097561,0.030365853658536588,0.15670731707317073,0.02481707317073171
hybrid_text_visual_fusion,3.0,1.0,0.25,0.25,outputs\hybrid_fusion_run\test_subset_alpha3.00_btext1.00_bvpos0.25_bvneg0.25,0.042682926829268296,0.042682926829268296,0.10670731707317073,0.029634146341463417,0.15670731707317073,0.02475609756097561
hybrid_text_visual_fusion,2.0,0.5,0.25,0.0,outputs\hybrid_fusion_run\test_subset_alpha2.00_btext0.50_bvpos0.25_bvneg0.00,0.041463414634146344,0.041463414634146344,0.10670731707317073,0.029634146341463417,0.1548780487804878,0.024573170731707318
hybrid_text_visual_fusion,3.0,1.0,0.25,0.0,outputs\hybrid_fusion_run\test_subset_alpha3.00_btext1.00_bvpos0.25_bvneg0.00,0.04207317073170732,0.04207317073170732,0.10548780487804878,0.02926829268292683,0.15365853658536585,0.024573170731707318
hybrid_text_visual_fusion,3.0,0.5,0.25,0.5,outputs\hybrid_fusion_run\test_subset_alpha3.00_btext0.50_bvpos0.25_bvneg0.50,0.043292682926829265,0.043292682926829265,0.09878048780487805,0.027682926829268293,0.15060975609756097,0.024451219512195123
hybrid_text_visual_fusion,3.0,0.5,0.25,0.25,outputs\hybrid_fusion_run\test_subset_alpha3.00_btext0.50_bvpos0.25_bvneg0.25,0.042682926829268296,0.042682926829268296,0.09939024390243903,0.027926829268292687,0.1469512195121951,0.023841463414634147
hybrid_text_visual_fusion,3.0,0.5,0.25,0.0,outputs\hybrid_fusion_run\test_subset_alpha3.00_btext0.50_bvpos0.25_bvneg0.00,0.042682926829268296,0.042682926829268296,0.09817073170731708,0.027560975609756098,0.1445121951219512,0.02347560975609756
